"emailID","password","Result"
"Prashant","reemsingdh3112834@fgtsoft.site","Skip"
"preetamkumar","preetee113mdkumeer37@fgtsoft.site","Skip"
"ramkumar","reemkumdeer73115@fgtsoft.site","Skip"
"sarain","seereeind47113@fgtsoft.site","Skip"
"manojyadavmanoj","me31enojydeedeevmeenoj41@fgtsoft.site","Skip"
"ramsingh","reemsindgh3128@fgtsoft.site","Fail"
"preetamkumar","preetee31dmkumeer37@fgtsoft.site","Fail"
"ramkumar","reemkumdeer7315@fgtsoft.site","Fail"
"sarain","seereeidn473314@fgtsoft.site","Fail"
